,metric,regression_model,dumb_model
0,MSE,2.425941080196399,12.45949263502455
1,MAE,1.1689852700491,3.0822422258592472
2,Score,0.8028369189008077,-0.012618145142773596
