,metric,regression_model,dumb_model
0,MSE,2.327332242225859,12.202536824877251
1,MAE,1.1407528641571194,3.0576923076923075
2,Score,0.806637724465484,-0.01382615036319823
